{"cameraMode":{"drawMode":0,"name":"Shaded","section":"Shading Mode"},"sceneLighting":true,"audioPlay":false,"sceneViewState":{"m_AlwaysRefresh":false,"showFog":true,"showSkybox":true,"showFlares":true,"showImageEffects":true,"showParticleSystems":true,"showVisualEffectGraphs":true,"m_FxEnabled":true},"in2DMode":false,"pivot":{"x":0.7569743990898132,"y":4.1696319580078129,"z":15.210460662841797},"rotation":{"x":0.05996394529938698,"y":-0.0014973011566326023,"z":0.00008994704694487154,"w":0.9981998205184937},"size":12.932210922241211,"orthographic":false}